{
    "positive": 0.18378862087094872,
    "negative": 0.016095570323691823,
    "Management, Business, and Financial": 0.2686292179535936,
    "Computer, Engineering, and Science": 0.019506732849194845,
    "Political and Legal": 0.06794653073322342,
    "Education Occupations": 0.4118264826638267,
    "Sports": 0.08465609268663002,
    "Arts, Design, and Media": 0.2570850059557687,
    "Healthcare": 0.290920947005532,
    "Protective Service": 0.027572965806969284,
    "Food Preparation and Serving": 0.27077551328681293,
    "Sales and Office": 0.06887041330800618,
    "Natural Resources, Construction, and Maintenance": 0.08644814651070774,
    "Production": 0.0041548457969793045,
    "Transportation and Material Moving": 0.5275586661293635,
    "Other Service": 0.32369283125548637,
    "Unofficial": 0,
    "equal": 0.606490364074707,
    "hira": 0.2600431783420109,
    "instr": 0.5240218981837632
}