{
    "characteristic": 0.09994209559732027,
    "occupation": 0.18064295946280634,
    "social_relation": 0.4635184802001604
}