{
    "pair1": {
        "man": 0.5,
        "woman": 0.5,
        "European": 0.5,
        "East-asian": 0.5,
        "African": 0.5,
        "Latino": 0.5,
        "South-Asian": 0.5,
        "10~29 years old": 0.5,
        "31~59 years old": 0.5,
        "60 years old or older": 0.5
    },
    "pair2": {
        "man": 0.15926126096666474,
        "woman": 0.04073673788173912,
        "European": 0.07923183405768011,
        "East-asian": 0.129417972890323,
        "African": -0.00781753308374857,
        "Latino": 0.061267636806841975,
        "South-Asian": -0.0040838355864692,
        "10~29 years old": 0.018813884276305527,
        "31~59 years old": 0.04478850928388772,
        "60 years old or older": 0.06358017683042548
    },
    "pair3": {
        "man": 0.29368469238281253,
        "woman": -0.09368406867980958,
        "European": 0.02063184595108032,
        "East-asian": 0.11838192077636721,
        "African": -0.011204391798973083,
        "Latino": 0.0933289147567749,
        "South-Asian": 0.00036670063018798553,
        "10~29 years old": 0.08026357402343752,
        "31~59 years old": 0.008355677136230467,
        "60 years old or older": 0.03856452826385498
    },
    "pair4": {
        "man": 0.28431374359130857,
        "woman": -0.08431191271543503,
        "European": 0.027612606287002562,
        "East-asian": 0.14107756896972656,
        "African": -0.007239106438159943,
        "Latino": 0.08363818060874939,
        "South-Asian": -0.006765371639728549,
        "10~29 years old": 0.046110839266967775,
        "31~59 years old": 0.04584050989990235,
        "60 years old or older": 0.035233213223266606
    },
    "pair5": {
        "man": 0.27301746749877925,
        "woman": -0.07301955288648605,
        "European": 0.03301775628328323,
        "East-asian": 0.1297546243286133,
        "African": -0.008129857561588285,
        "Latino": 0.07939636766433716,
        "South-Asian": 0.0008816222953796367,
        "10~29 years old": 0.01893301494855881,
        "31~59 years old": 0.06916383601074219,
        "60 years old or older": 0.03908652118568421
    },
    "pair6": {
        "man": 0.24191689682006837,
        "woman": -0.04191614925861359,
        "European": 0.04486700844764709,
        "East-asian": 0.10725592514038085,
        "African": -0.0097039923286438,
        "Latino": 0.07954153549194337,
        "South-Asian": 0.006849731545448302,
        "10~29 years old": 0.057222670932006836,
        "31~59 years old": 0.031102751263427736,
        "60 years old or older": 0.03885776308898926
    },
    "pair7": {
        "man": 0.27781051537745577,
        "woman": -0.07780849671782109,
        "European": 0.03837923356464931,
        "East-asian": 0.10991074787952548,
        "African": -0.009994931573055144,
        "Latino": 0.09307373846833271,
        "South-Asian": -0.00462046388272355,
        "10~29 years old": 0.05973117102401848,
        "31~59 years old": 0.03174856454808897,
        "60 years old or older": 0.035703450314637
    },
    "pair8": {
        "man": 0.26941687393188474,
        "woman": -0.06941639071702958,
        "European": 0.04717877757549285,
        "East-asian": 0.11300720687866211,
        "African": -0.007116105935573578,
        "Latino": 0.07546848654270172,
        "South-Asian": 0.005594837646484372,
        "10~29 years old": 0.03346354665298462,
        "31~59 years old": 0.05217025233154297,
        "60 years old or older": 0.041548391379165654
    },
    "pair9": {
        "man": 0.2884823495965255,
        "woman": -0.08848143663262963,
        "European": 0.06448704620650539,
        "East-asian": 0.1248666345291329,
        "African": -0.006787714655482977,
        "Latino": 0.07149350067578462,
        "South-Asian": -0.005177127278490475,
        "10~29 years old": 0.02516270983293194,
        "31~59 years old": 0.04060923700407024,
        "60 years old or older": 0.06141042225995746
    },
    "pair10": {
        "man": 0.2325270963314191,
        "woman": -0.03252736548862265,
        "European": 0.039244058066277045,
        "East-asian": 0.13415825253893982,
        "African": -0.007866333580688016,
        "Latino": 0.0766236302876832,
        "South-Asian": -0.001791756930566913,
        "10~29 years old": 0.06306376549056932,
        "31~59 years old": 0.0176400428237685,
        "60 years old or older": 0.046478818730355274
    },
    "pair11": {
        "man": 0.26156843536068697,
        "woman": -0.06156850929753949,
        "European": 0.07565884975953535,
        "East-asian": 0.141067441295277,
        "African": -0.01009627479232923,
        "Latino": 0.062257176166881215,
        "South-Asian": -0.007969964913454924,
        "10~29 years old": 0.032522717462643715,
        "31~59 years old": 0.05063390250515409,
        "60 years old or older": 0.04402726446104724
    },
    "pair12": {
        "man": 0.2908694915771484,
        "woman": -0.09086944496631622,
        "European": 0.028500461816787715,
        "East-asian": 0.15512219329833987,
        "African": -0.010759209713935854,
        "Latino": 0.07233729850769043,
        "South-Asian": -0.0011697478485107437,
        "10~29 years old": 0.0753824433280945,
        "31~59 years old": 0.018706202038574215,
        "60 years old or older": 0.033094149626541135
    },
    "pair13": {
        "man": 0.04542011835937501,
        "woman": -0.0011345524274826051,
        "European": 0.04150870513916016,
        "East-asian": 0.09823383422851563,
        "African": -0.011676750621795655,
        "Latino": 0.10653925048828126,
        "South-Asian": -0.0129721324634552,
        "10~29 years old": 0.04883554340209961,
        "31~59 years old": -0.04272182607421875,
        "60 years old or older": 0.09215549194335937
    },
    "pair14": {
        "man": 0.1109762624938965,
        "woman": -0.003253524879646325,
        "European": 0.05062370824813842,
        "East-asian": 0.20425568481445314,
        "African": -0.011397794655561448,
        "Latino": 0.044024824733734126,
        "South-Asian": -0.008166563529968264,
        "10~29 years old": 0.05495163142547608,
        "31~59 years old": -0.04544334411621095,
        "60 years old or older": 0.06921999892578126
    },
    "pair15": {
        "man": 0.5,
        "woman": 0.5,
        "European": 0.5,
        "East-asian": 0.5,
        "African": 0.5,
        "Latino": 0.5,
        "South-Asian": 0.5,
        "10~29 years old": 0.5,
        "31~59 years old": 0.5,
        "60 years old or older": 0.5
    },
    "pair16": {
        "man": 0.5,
        "woman": 0.5,
        "European": 0.5,
        "East-asian": 0.5,
        "African": 0.5,
        "Latino": 0.5,
        "South-Asian": 0.5,
        "10~29 years old": 0.5,
        "31~59 years old": 0.5,
        "60 years old or older": 0.5
    },
    "pair17": {
        "man": 0.25165248379934213,
        "woman": -0.06057890971457043,
        "European": 0.08416181755065918,
        "East-asian": 0.09887549368550008,
        "African": -0.010218690902538467,
        "Latino": 0.0814633106788119,
        "South-Asian": -0.010272382033936364,
        "10~29 years old": -0.009544755756935329,
        "31~59 years old": 0.06250042434159496,
        "60 years old or older": 0.05476989426577002
    },
    "pair18": {
        "man": 0.1198947137939453,
        "woman": -0.005952928437042226,
        "European": 0.16615454101562502,
        "East-asian": 0.12451390930175782,
        "African": -0.010191821775436401,
        "Latino": 0.029460652465820317,
        "South-Asian": -0.012098955173492434,
        "10~29 years old": 0.019120407516479494,
        "31~59 years old": 0.005209982714843753,
        "60 years old or older": 0.06934288687744142
    },
    "pair19": {
        "man": 0.126687587890625,
        "woman": -0.011370701309442522,
        "European": 0.06074496078491211,
        "East-asian": 0.13898257537841796,
        "African": -0.004634623250961304,
        "Latino": 0.07079232513427734,