{
    "total": 0.514909333202506,
    "gender": 0.5135661179210417,
    "race": 0.5,
    "age": 0.5013432152814644
}